product_id,product_fullName,product_url,product_name,product_cost,review_title,review_content,review_rating,review_date,review_location,review_likes,review_dislikes
itm97440420a734d,intel-i5-3570-3-8-ghz-lga-1155-socket-4-cores-desktop-processor,https://www.flipkart.com/intel-i5-3570-3-8-ghz-lga-1155-socket-4-cores-desktop-processor/product-reviews/itm97440420a734d?page=1,Intel I5,"3,000",Just wow!,The item is working great. Upgraded the pc from core to duo to i5 with 240 gb SSD and 8 gb DDR3 ram. Now the pc works great. Loving it.,5,"Jan, 2021", Agartala,72,12
itm97440420a734d,intel-i5-3570-3-8-ghz-lga-1155-socket-4-cores-desktop-processor,https://www.flipkart.com/intel-i5-3570-3-8-ghz-lga-1155-socket-4-cores-desktop-processor/product-reviews/itm97440420a734d?page=1,Intel I5,"3,000",Worth every penny,Performance is great. Well packaged. Thermal paste also provided. Thanks to seller and flipkart.,5,"May, 2022", Kushalanagara,23,3
itm97440420a734d,intel-i5-3570-3-8-ghz-lga-1155-socket-4-cores-desktop-processor,https://www.flipkart.com/intel-i5-3570-3-8-ghz-lga-1155-socket-4-cores-desktop-processor/product-reviews/itm97440420a734d?page=1,Intel I5,"3,000",Mind-blowing purchase,"Processor received is in good condition, tested with H61 motherboard, working fine. But there is no replacement option, so buy at your own risk...",5,"May, 2021", Kudchi,34,12
itm97440420a734d,intel-i5-3570-3-8-ghz-lga-1155-socket-4-cores-desktop-processor,https://www.flipkart.com/intel-i5-3570-3-8-ghz-lga-1155-socket-4-cores-desktop-processor/product-reviews/itm97440420a734d?page=1,Intel I5,"3,000",Value-for-money,Overpriced but ok if we pair it with gt 1030 or higher we can play many games with good fps,4,"Apr, 2021", Ongole,7,1
itm97440420a734d,intel-i5-3570-3-8-ghz-lga-1155-socket-4-cores-desktop-processor,https://www.flipkart.com/intel-i5-3570-3-8-ghz-lga-1155-socket-4-cores-desktop-processor/product-reviews/itm97440420a734d?page=1,Intel I5,"3,000",Brilliant,Superb quality üíñ7jan it's delivery DONE ‚úÖI am happy üòä it's working fine üòÑIn 2094Rs...I have i5 3rd gen And also termal pest . Almost 80RsSaler are very good .I appreciate your work brother üòäI hope it's working Long Day by Day,5,"Jan, 2023", Dharmanagar,14,4
itm97440420a734d,intel-i5-3570-3-8-ghz-lga-1155-socket-4-cores-desktop-processor,https://www.flipkart.com/intel-i5-3570-3-8-ghz-lga-1155-socket-4-cores-desktop-processor/product-reviews/itm97440420a734d?page=1,Intel I5,"3,000",Best in the market!,"Killer for its price but do remember if you are going to game on it and you dont have the AC in the room you will need a decent CPU cooler, deepcool gammax will work. Otherwise during gaming your CPU will downclock itself due to the overheating and your games will stutter and you wont even come to know why is it even happening. ‚úåÔ∏è",5,"Jun, 2021", New Delhi,6,1
itm97440420a734d,intel-i5-3570-3-8-ghz-lga-1155-socket-4-cores-desktop-processor,https://www.flipkart.com/intel-i5-3570-3-8-ghz-lga-1155-socket-4-cores-desktop-processor/product-reviews/itm97440420a734d?page=1,Intel I5,"3,000",Classy product,good packing thanks to seller .processor is good working but price is high.,5,"Jan, 2020", Vaishali District,18,7
itm97440420a734d,intel-i5-3570-3-8-ghz-lga-1155-socket-4-cores-desktop-processor,https://www.flipkart.com/intel-i5-3570-3-8-ghz-lga-1155-socket-4-cores-desktop-processor/product-reviews/itm97440420a734d?page=1,Intel I5,"3,000",Worth the money,Work's fine new like condition,4,"May, 2022", Kolkata,3,0
itm97440420a734d,intel-i5-3570-3-8-ghz-lga-1155-socket-4-cores-desktop-processor,https://www.flipkart.com/intel-i5-3570-3-8-ghz-lga-1155-socket-4-cores-desktop-processor/product-reviews/itm97440420a734d?page=1,Intel I5,"3,000",Value-for-money,Product is received in working condition. it's may be used product and the packaging quality is very poor. It worked with zebronics h-61 motherboard and performance is good,4,"Apr, 2021", Chandannagar,2,0
itm97440420a734d,intel-i5-3570-3-8-ghz-lga-1155-socket-4-cores-desktop-processor,https://www.flipkart.com/intel-i5-3570-3-8-ghz-lga-1155-socket-4-cores-desktop-processor/product-reviews/itm97440420a734d?page=1,Intel I5,"3,000",Very Good,"This is expensive, no doubts. But working very good and well packed also by computer parts. And I am noticing one thing that you can upload only the photo of processor in review. Processor is reaching at 3.71 GHz, when I put load on it.And it's without any thermal paste",4,"Nov, 2020", Una,11,9
itm97440420a734d,intel-i5-3570-3-8-ghz-lga-1155-socket-4-cores-desktop-processor,https://www.flipkart.com/intel-i5-3570-3-8-ghz-lga-1155-socket-4-cores-desktop-processor/product-reviews/itm97440420a734d?page=2,Intel I5,"3,000",Mind-blowing purchase,"I'm super happy with this seller, because I have some bad experience with another seller sending me wrong product.hence return and refund.This was a nice purchase. I got the same product ordered. It was working condition.better performance.I'm superb happy.worth the patience.I recommended.Thanks flipkart.",5,11 months ago, Kozhikode District,3,0
itm97440420a734d,intel-i5-3570-3-8-ghz-lga-1155-socket-4-cores-desktop-processor,https://www.flipkart.com/intel-i5-3570-3-8-ghz-lga-1155-socket-4-cores-desktop-processor/product-reviews/itm97440420a734d?page=2,Intel I5,"3,000",Mind-blowing purchase,Perfect it's so fast after upgrading old dual core You can buy it,5,"Jan, 2023", Silvassa,2,0
itm97440420a734d,intel-i5-3570-3-8-ghz-lga-1155-socket-4-cores-desktop-processor,https://www.flipkart.com/intel-i5-3570-3-8-ghz-lga-1155-socket-4-cores-desktop-processor/product-reviews/itm97440420a734d?page=2,Intel I5,"3,000",Good quality product,Yes processor is good but I am facing some heatsinks problem,4,"May, 2021", Dhenkanal,2,0
itm97440420a734d,intel-i5-3570-3-8-ghz-lga-1155-socket-4-cores-desktop-processor,https://www.flipkart.com/intel-i5-3570-3-8-ghz-lga-1155-socket-4-cores-desktop-processor/product-reviews/itm97440420a734d?page=2,Intel I5,"3,000",Must buy!,At first I was confused about whether I will receive a working processor or a faulty one as it has a no return policy.But thanks to flipkart I received a working processor and totally satisfied by the performance of that.,5,"Oct, 2019", Sagar,6,3
itm97440420a734d,intel-i5-3570-3-8-ghz-lga-1155-socket-4-cores-desktop-processor,https://www.flipkart.com/intel-i5-3570-3-8-ghz-lga-1155-socket-4-cores-desktop-processor/product-reviews/itm97440420a734d?page=2,Intel I5,"3,000",Super!,"go for it without any hesitation, this price is a steal for this powerful processor",5,"May, 2021", Edappal,2,0
itm97440420a734d,intel-i5-3570-3-8-ghz-lga-1155-socket-4-cores-desktop-processor,https://www.flipkart.com/intel-i5-3570-3-8-ghz-lga-1155-socket-4-cores-desktop-processor/product-reviews/itm97440420a734d?page=2,Intel I5,"3,000",Nice,Not give termal past,3,"Feb, 2023", Bhagalpur,1,0
itm97440420a734d,intel-i5-3570-3-8-ghz-lga-1155-socket-4-cores-desktop-processor,https://www.flipkart.com/intel-i5-3570-3-8-ghz-lga-1155-socket-4-cores-desktop-processor/product-reviews/itm97440420a734d?page=2,Intel I5,"3,000",Wonderful,"üñ§üëçprocessor look like new , Thank you seller, improve your packaging quality, thank you üòä",5,"Feb, 2023", Aravallis District,1,0
itm97440420a734d,intel-i5-3570-3-8-ghz-lga-1155-socket-4-cores-desktop-processor,https://www.flipkart.com/intel-i5-3570-3-8-ghz-lga-1155-socket-4-cores-desktop-processor/product-reviews/itm97440420a734d?page=2,Intel I5,"3,000",Worth every penny,Working very good.,5,"Feb, 2020", Kolkata,2,0
itm97440420a734d,intel-i5-3570-3-8-ghz-lga-1155-socket-4-cores-desktop-processor,https://www.flipkart.com/intel-i5-3570-3-8-ghz-lga-1155-socket-4-cores-desktop-processor/product-reviews/itm97440420a734d?page=2,Intel I5,"3,000",Excellent,fast delivery nice packgingandprocessor working just fine.,5,"Sep, 2019", Baripada,2,0
itm97440420a734d,intel-i5-3570-3-8-ghz-lga-1155-socket-4-cores-desktop-processor,https://www.flipkart.com/intel-i5-3570-3-8-ghz-lga-1155-socket-4-cores-desktop-processor/product-reviews/itm97440420a734d?page=2,Intel I5,"3,000",Pretty good,Product quality and packaging was great. Did not receive the thermal paste mentioned in the product description though.,4,"Jan, 2021", Birlapur,1,0
itm97440420a734d,intel-i5-3570-3-8-ghz-lga-1155-socket-4-cores-desktop-processor,https://www.flipkart.com/intel-i5-3570-3-8-ghz-lga-1155-socket-4-cores-desktop-processor/product-reviews/itm97440420a734d?page=3,Intel I5,"3,000",Super!,Great,5,"Mar, 2021", Kullu,1,0
itm97440420a734d,intel-i5-3570-3-8-ghz-lga-1155-socket-4-cores-desktop-processor,https://www.flipkart.com/intel-i5-3570-3-8-ghz-lga-1155-socket-4-cores-desktop-processor/product-reviews/itm97440420a734d?page=3,Intel I5,"3,000",Awesome,Best prosesor in this priceThe price of bricks should be tripled,5,"Nov, 2020", Mathabhanga,2,1
itm97440420a734d,intel-i5-3570-3-8-ghz-lga-1155-socket-4-cores-desktop-processor,https://www.flipkart.com/intel-i5-3570-3-8-ghz-lga-1155-socket-4-cores-desktop-processor/product-reviews/itm97440420a734d?page=3,Intel I5,"3,000",Terrific purchase,Good processer,5,"Oct, 2020", Ganjam District,1,0
itm97440420a734d,intel-i5-3570-3-8-ghz-lga-1155-socket-4-cores-desktop-processor,https://www.flipkart.com/intel-i5-3570-3-8-ghz-lga-1155-socket-4-cores-desktop-processor/product-reviews/itm97440420a734d?page=3,Intel I5,"3,000",Excellent,Good product ü•∞ü•∞ü•∞ü•∞,5,"Mar, 2021", Wayanad District,0,0
itm97440420a734d,intel-i5-3570-3-8-ghz-lga-1155-socket-4-cores-desktop-processor,https://www.flipkart.com/intel-i5-3570-3-8-ghz-lga-1155-socket-4-cores-desktop-processor/product-reviews/itm97440420a734d?page=3,Intel I5,"3,000",Worth every penny,Excellent,5,"Nov, 2020", Andal,1,0
itm97440420a734d,intel-i5-3570-3-8-ghz-lga-1155-socket-4-cores-desktop-processor,https://www.flipkart.com/intel-i5-3570-3-8-ghz-lga-1155-socket-4-cores-desktop-processor/product-reviews/itm97440420a734d?page=3,Intel I5,"3,000",Excellent,I got the good processor I can't say that you got the good product because I saw most of the negative feedback on this so if you want to buy then buy I hope that you got the best piece...,5,25 days ago, Berhait Bazar,0,0
itm97440420a734d,intel-i5-3570-3-8-ghz-lga-1155-socket-4-cores-desktop-processor,https://www.flipkart.com/intel-i5-3570-3-8-ghz-lga-1155-socket-4-cores-desktop-processor/product-reviews/itm97440420a734d?page=3,Intel I5,"3,000",Worth every penny,Working Properly I Know It's 2nd Hand But Best Price For This Performance Thankyou seller,5,1 month ago, Sonatikiri,0,0
itm97440420a734d,intel-i5-3570-3-8-ghz-lga-1155-socket-4-cores-desktop-processor,https://www.flipkart.com/intel-i5-3570-3-8-ghz-lga-1155-socket-4-cores-desktop-processor/product-reviews/itm97440420a734d?page=3,Intel I5,"3,000",Good quality product,Good working on my desktop üñ•Ô∏èüòÄ,4,1 month ago, Gandhinagar,0,0
itm97440420a734d,intel-i5-3570-3-8-ghz-lga-1155-socket-4-cores-desktop-processor,https://www.flipkart.com/intel-i5-3570-3-8-ghz-lga-1155-socket-4-cores-desktop-processor/product-reviews/itm97440420a734d?page=3,Intel I5,"3,000",Fabulous!,Wow üò≤üò≤üò≤,5,2 months ago, Mau District,0,0
itm97440420a734d,intel-i5-3570-3-8-ghz-lga-1155-socket-4-cores-desktop-processor,https://www.flipkart.com/intel-i5-3570-3-8-ghz-lga-1155-socket-4-cores-desktop-processor/product-reviews/itm97440420a734d?page=3,Intel I5,"3,000",Does the job,Not made for game low work,3,2 months ago, Chanpatia,0,0
itm97440420a734d,intel-i5-3570-3-8-ghz-lga-1155-socket-4-cores-desktop-processor,https://www.flipkart.com/intel-i5-3570-3-8-ghz-lga-1155-socket-4-cores-desktop-processor/product-reviews/itm97440420a734d?page=4,Intel I5,"3,000",Great product,Working excellent nice product make my computer boost,5,3 months ago, Rishikesh,0,0
itm97440420a734d,intel-i5-3570-3-8-ghz-lga-1155-socket-4-cores-desktop-processor,https://www.flipkart.com/intel-i5-3570-3-8-ghz-lga-1155-socket-4-cores-desktop-processor/product-reviews/itm97440420a734d?page=4,Intel I5,"3,000",Awesome,Works great. Processor reaches 3.8ghz on single core and 3.6 on multicore. Also got thermal paste.,5,4 months ago, Vadodara,0,0
itm97440420a734d,intel-i5-3570-3-8-ghz-lga-1155-socket-4-cores-desktop-processor,https://www.flipkart.com/intel-i5-3570-3-8-ghz-lga-1155-socket-4-cores-desktop-processor/product-reviews/itm97440420a734d?page=4,Intel I5,"3,000",Nice product,Nice,4,4 months ago, Dakshin Dinajpur District,0,0
itm97440420a734d,intel-i5-3570-3-8-ghz-lga-1155-socket-4-cores-desktop-processor,https://www.flipkart.com/intel-i5-3570-3-8-ghz-lga-1155-socket-4-cores-desktop-processor/product-reviews/itm97440420a734d?page=4,Intel I5,"3,000",Delightful,Not High performance but I love it ‚ù§Ô∏è,4,5 months ago, Mhaswad,0,0
itm97440420a734d,intel-i5-3570-3-8-ghz-lga-1155-socket-4-cores-desktop-processor,https://www.flipkart.com/intel-i5-3570-3-8-ghz-lga-1155-socket-4-cores-desktop-processor/product-reviews/itm97440420a734d?page=4,Intel I5,"3,000",Wonderful,"I5 3570 , got the same item so happy for it before it I have ordered from Flipkart used but they always sent me i5 4570 So finally I ordered from this seller from Coimbatore and very happy as I got the right product with thermal paste as well performance is also good .",5,5 months ago, Pimpri Chinchwad,0,0
itm97440420a734d,intel-i5-3570-3-8-ghz-lga-1155-socket-4-cores-desktop-processor,https://www.flipkart.com/intel-i5-3570-3-8-ghz-lga-1155-socket-4-cores-desktop-processor/product-reviews/itm97440420a734d?page=4,Intel I5,"3,000",Very Good,Nice product üòÉ,4,5 months ago, Kollam District,0,0
itm97440420a734d,intel-i5-3570-3-8-ghz-lga-1155-socket-4-cores-desktop-processor,https://www.flipkart.com/intel-i5-3570-3-8-ghz-lga-1155-socket-4-cores-desktop-processor/product-reviews/itm97440420a734d?page=4,Intel I5,"3,000",Super!,"Quality wise ,product is very good.Also got free thermal paste which after application got similar temperature results as branded ones.Will recommend the seller for sure.",5,5 months ago, Kochi,0,0
itm97440420a734d,intel-i5-3570-3-8-ghz-lga-1155-socket-4-cores-desktop-processor,https://www.flipkart.com/intel-i5-3570-3-8-ghz-lga-1155-socket-4-cores-desktop-processor/product-reviews/itm97440420a734d?page=4,Intel I5,"3,000",Must buy!,Nice üëçüôÇ,5,6 months ago, Narasaraopet,0,0
itm97440420a734d,intel-i5-3570-3-8-ghz-lga-1155-socket-4-cores-desktop-processor,https://www.flipkart.com/intel-i5-3570-3-8-ghz-lga-1155-socket-4-cores-desktop-processor/product-reviews/itm97440420a734d?page=4,Intel I5,"3,000",Super!,Value of money,5,8 months ago, Jagtial District,0,0
itm97440420a734d,intel-i5-3570-3-8-ghz-lga-1155-socket-4-cores-desktop-processor,https://www.flipkart.com/intel-i5-3570-3-8-ghz-lga-1155-socket-4-cores-desktop-processor/product-reviews/itm97440420a734d?page=4,Intel I5,"3,000",Excellent,Working in fine condition.,5,8 months ago, Baruipur,0,0
itm97440420a734d,intel-i5-3570-3-8-ghz-lga-1155-socket-4-cores-desktop-processor,https://www.flipkart.com/intel-i5-3570-3-8-ghz-lga-1155-socket-4-cores-desktop-processor/product-reviews/itm97440420a734d?page=5,Intel I5,"3,000",Nice,Working but not working as aspected from this generation,3,9 months ago, Vasai Virar,0,0
itm97440420a734d,intel-i5-3570-3-8-ghz-lga-1155-socket-4-cores-desktop-processor,https://www.flipkart.com/intel-i5-3570-3-8-ghz-lga-1155-socket-4-cores-desktop-processor/product-reviews/itm97440420a734d?page=5,Intel I5,"3,000",Must buy!,Good product,5,9 months ago, Panch Mahals District,0,0
itm97440420a734d,intel-i5-3570-3-8-ghz-lga-1155-socket-4-cores-desktop-processor,https://www.flipkart.com/intel-i5-3570-3-8-ghz-lga-1155-socket-4-cores-desktop-processor/product-reviews/itm97440420a734d?page=5,Intel I5,"3,000",Mind-blowing purchase,Very good processorAnd working very fine with supe fast speed,5,9 months ago, Baran,0,0
itm97440420a734d,intel-i5-3570-3-8-ghz-lga-1155-socket-4-cores-desktop-processor,https://www.flipkart.com/intel-i5-3570-3-8-ghz-lga-1155-socket-4-cores-desktop-processor/product-reviews/itm97440420a734d?page=5,Intel I5,"3,000",Mind-blowing purchase,"Excellent Purchase..it was delivered on time and in perfect condition. I have been using it for a few days now and have not had any issues. Overall, I am very satisfied with my purchase and would definitely recommend this product to others.",5,10 months ago, Lucknow,0,0
itm97440420a734d,intel-i5-3570-3-8-ghz-lga-1155-socket-4-cores-desktop-processor,https://www.flipkart.com/intel-i5-3570-3-8-ghz-lga-1155-socket-4-cores-desktop-processor/product-reviews/itm97440420a734d?page=5,Intel I5,"3,000",Just wow!,Great product üôÇüôÇ,5,"May, 2023", Jhunjhunun District,0,0
itm97440420a734d,intel-i5-3570-3-8-ghz-lga-1155-socket-4-cores-desktop-processor,https://www.flipkart.com/intel-i5-3570-3-8-ghz-lga-1155-socket-4-cores-desktop-processor/product-reviews/itm97440420a734d?page=5,Intel I5,"3,000",Delightful,Good Product,4,"May, 2023", Verna,0,0
itm97440420a734d,intel-i5-3570-3-8-ghz-lga-1155-socket-4-cores-desktop-processor,https://www.flipkart.com/intel-i5-3570-3-8-ghz-lga-1155-socket-4-cores-desktop-processor/product-reviews/itm97440420a734d?page=5,Intel I5,"3,000",Nice product,Nice pack,4,"May, 2023", Hazaribagh,0,0
itm97440420a734d,intel-i5-3570-3-8-ghz-lga-1155-socket-4-cores-desktop-processor,https://www.flipkart.com/intel-i5-3570-3-8-ghz-lga-1155-socket-4-cores-desktop-processor/product-reviews/itm97440420a734d?page=5,Intel I5,"3,000",Unsatisfactory,Not good product, ,"May, 2023", Kolkata,0,0
itm97440420a734d,intel-i5-3570-3-8-ghz-lga-1155-socket-4-cores-desktop-processor,https://www.flipkart.com/intel-i5-3570-3-8-ghz-lga-1155-socket-4-cores-desktop-processor/product-reviews/itm97440420a734d?page=5,Intel I5,"3,000",Worth the money,Best Quality...,4,"Apr, 2023", Jamjodhpur,0,0
itm97440420a734d,intel-i5-3570-3-8-ghz-lga-1155-socket-4-cores-desktop-processor,https://www.flipkart.com/intel-i5-3570-3-8-ghz-lga-1155-socket-4-cores-desktop-processor/product-reviews/itm97440420a734d?page=5,Intel I5,"3,000",Highly recommended,Nice üëçüëçüôÇ,5,"Apr, 2023", Nadsal,0,0
itm97440420a734d,intel-i5-3570-3-8-ghz-lga-1155-socket-4-cores-desktop-processor,https://www.flipkart.com/intel-i5-3570-3-8-ghz-lga-1155-socket-4-cores-desktop-processor/product-reviews/itm97440420a734d?page=6,Intel I5,"3,000",Super!,Nice product and delivered at the same date,5,"Apr, 2023", Tezpur,0,0
itm97440420a734d,intel-i5-3570-3-8-ghz-lga-1155-socket-4-cores-desktop-processor,https://www.flipkart.com/intel-i5-3570-3-8-ghz-lga-1155-socket-4-cores-desktop-processor/product-reviews/itm97440420a734d?page=6,Intel I5,"3,000",Delightful,Very good productThermal pest free,4,"Apr, 2023", Uttar Dinajpur District,0,0
itm97440420a734d,intel-i5-3570-3-8-ghz-lga-1155-socket-4-cores-desktop-processor,https://www.flipkart.com/intel-i5-3570-3-8-ghz-lga-1155-socket-4-cores-desktop-processor/product-reviews/itm97440420a734d?page=6,Intel I5,"3,000",Mind-blowing purchase,Hery good quality and performance well,5,"Mar, 2023", Raigarh,0,0
itm97440420a734d,intel-i5-3570-3-8-ghz-lga-1155-socket-4-cores-desktop-processor,https://www.flipkart.com/intel-i5-3570-3-8-ghz-lga-1155-socket-4-cores-desktop-processor/product-reviews/itm97440420a734d?page=6,Intel I5,"3,000",Awesome,Very excellent working super fast,5,"Mar, 2023", Baudh District,0,0
itm97440420a734d,intel-i5-3570-3-8-ghz-lga-1155-socket-4-cores-desktop-processor,https://www.flipkart.com/intel-i5-3570-3-8-ghz-lga-1155-socket-4-cores-desktop-processor/product-reviews/itm97440420a734d?page=6,Intel I5,"3,000",Not recommended at all,Bad, ,"Feb, 2023", Silchar,0,0
itm97440420a734d,intel-i5-3570-3-8-ghz-lga-1155-socket-4-cores-desktop-processor,https://www.flipkart.com/intel-i5-3570-3-8-ghz-lga-1155-socket-4-cores-desktop-processor/product-reviews/itm97440420a734d?page=6,Intel I5,"3,000",Great product,Very good,5,"Feb, 2023", Kannur,0,0
itm97440420a734d,intel-i5-3570-3-8-ghz-lga-1155-socket-4-cores-desktop-processor,https://www.flipkart.com/intel-i5-3570-3-8-ghz-lga-1155-socket-4-cores-desktop-processor/product-reviews/itm97440420a734d?page=6,Intel I5,"3,000",Mind-blowing purchase,"Working properly, Packaging was also good. Best for budget pc.I am a student and do programming in pc. Delivery was also fast. Using it with ant esports ram , zeb h61 and EVM ssd.",5,"Feb, 2023", Kanpur,0,0
itm97440420a734d,intel-i5-3570-3-8-ghz-lga-1155-socket-4-cores-desktop-processor,https://www.flipkart.com/intel-i5-3570-3-8-ghz-lga-1155-socket-4-cores-desktop-processor/product-reviews/itm97440420a734d?page=6,Intel I5,"3,000",Wonderful,Processor is good üëç And this processor with thermal paste Prosser good üëçYour risk,4,"Feb, 2023", Kamrup District,0,1
itm97440420a734d,intel-i5-3570-3-8-ghz-lga-1155-socket-4-cores-desktop-processor,https://www.flipkart.com/intel-i5-3570-3-8-ghz-lga-1155-socket-4-cores-desktop-processor/product-reviews/itm97440420a734d?page=6,Intel I5,"3,000",Moderate,Working slow, ,"Jan, 2023", Patna,0,0
itm97440420a734d,intel-i5-3570-3-8-ghz-lga-1155-socket-4-cores-desktop-processor,https://www.flipkart.com/intel-i5-3570-3-8-ghz-lga-1155-socket-4-cores-desktop-processor/product-reviews/itm97440420a734d?page=6,Intel I5,"3,000",Great product,THANKS for delivery this is really good prosesoer thank you so much üòçüòçüòç,5,"Dec, 2022", Pulgaon,0,1
itm97440420a734d,intel-i5-3570-3-8-ghz-lga-1155-socket-4-cores-desktop-processor,https://www.flipkart.com/intel-i5-3570-3-8-ghz-lga-1155-socket-4-cores-desktop-processor/product-reviews/itm97440420a734d?page=7,Intel I5,"3,000",Simply awesome,Nice product,5,"Dec, 2022", Madhubani District,0,0
itm97440420a734d,intel-i5-3570-3-8-ghz-lga-1155-socket-4-cores-desktop-processor,https://www.flipkart.com/intel-i5-3570-3-8-ghz-lga-1155-socket-4-cores-desktop-processor/product-reviews/itm97440420a734d?page=7,Intel I5,"3,000",Worth the money,Good product üëç,4,"Nov, 2022", Ganganagar District,0,0
itm97440420a734d,intel-i5-3570-3-8-ghz-lga-1155-socket-4-cores-desktop-processor,https://www.flipkart.com/intel-i5-3570-3-8-ghz-lga-1155-socket-4-cores-desktop-processor/product-reviews/itm97440420a734d?page=7,Intel I5,"3,000",Just wow!,üëå good product,5,"Oct, 2022", Kalna,0,0
itm97440420a734d,intel-i5-3570-3-8-ghz-lga-1155-socket-4-cores-desktop-processor,https://www.flipkart.com/intel-i5-3570-3-8-ghz-lga-1155-socket-4-cores-desktop-processor/product-reviews/itm97440420a734d?page=7,Intel I5,"3,000",Value-for-money,Working fine...,4,"Oct, 2022", Dindigul,0,0
itm97440420a734d,intel-i5-3570-3-8-ghz-lga-1155-socket-4-cores-desktop-processor,https://www.flipkart.com/intel-i5-3570-3-8-ghz-lga-1155-socket-4-cores-desktop-processor/product-reviews/itm97440420a734d?page=7,Intel I5,"3,000",Terrific purchase,Noices of the fan has reduced after I installed i5 3rd gen and the performance also better things is going to be better day by day,5,"Sep, 2022", Imphal,0,0
itm97440420a734d,intel-i5-3570-3-8-ghz-lga-1155-socket-4-cores-desktop-processor,https://www.flipkart.com/intel-i5-3570-3-8-ghz-lga-1155-socket-4-cores-desktop-processor/product-reviews/itm97440420a734d?page=7,Intel I5,"3,000",Mind-blowing purchase,Best performance,5,"Sep, 2022", Akbarpur,0,0
itm97440420a734d,intel-i5-3570-3-8-ghz-lga-1155-socket-4-cores-desktop-processor,https://www.flipkart.com/intel-i5-3570-3-8-ghz-lga-1155-socket-4-cores-desktop-processor/product-reviews/itm97440420a734d?page=7,Intel I5,"3,000",Super!,Magical,5,"Sep, 2022", Lucknow,0,0
itm97440420a734d,intel-i5-3570-3-8-ghz-lga-1155-socket-4-cores-desktop-processor,https://www.flipkart.com/intel-i5-3570-3-8-ghz-lga-1155-socket-4-cores-desktop-processor/product-reviews/itm97440420a734d?page=7,Intel I5,"3,000",Awesome,Working fine. Best bang for buck,5,"Aug, 2022", Thrissur,0,0
itm97440420a734d,intel-i5-3570-3-8-ghz-lga-1155-socket-4-cores-desktop-processor,https://www.flipkart.com/intel-i5-3570-3-8-ghz-lga-1155-socket-4-cores-desktop-processor/product-reviews/itm97440420a734d?page=7,Intel I5,"3,000",Decent product,Good working,3,"Aug, 2022", Mayurbhanj District,0,0
itm97440420a734d,intel-i5-3570-3-8-ghz-lga-1155-socket-4-cores-desktop-processor,https://www.flipkart.com/intel-i5-3570-3-8-ghz-lga-1155-socket-4-cores-desktop-processor/product-reviews/itm97440420a734d?page=7,Intel I5,"3,000",Good quality product,"Working good ,......",4,"Aug, 2022", Ralegaon,0,0
itm97440420a734d,intel-i5-3570-3-8-ghz-lga-1155-socket-4-cores-desktop-processor,https://www.flipkart.com/intel-i5-3570-3-8-ghz-lga-1155-socket-4-cores-desktop-processor/product-reviews/itm97440420a734d?page=8,Intel I5,"3,000",Very Good,Well its good but i dont think there's much different about 2 cores and 4 cores,4,"Jul, 2022", Wokha,0,1
itm97440420a734d,intel-i5-3570-3-8-ghz-lga-1155-socket-4-cores-desktop-processor,https://www.flipkart.com/intel-i5-3570-3-8-ghz-lga-1155-socket-4-cores-desktop-processor/product-reviews/itm97440420a734d?page=8,Intel I5,"3,000",Don't waste your money,"I'm not using it yet, I will rate later after using this.", ,"Jul, 2022", Siliguri,0,2
itm97440420a734d,intel-i5-3570-3-8-ghz-lga-1155-socket-4-cores-desktop-processor,https://www.flipkart.com/intel-i5-3570-3-8-ghz-lga-1155-socket-4-cores-desktop-processor/product-reviews/itm97440420a734d?page=8,Intel I5,"3,000",Really Nice,Best Quality ProductI'm happy and Satisfied,4,"Jun, 2022", Ghazipur District,0,0
itm97440420a734d,intel-i5-3570-3-8-ghz-lga-1155-socket-4-cores-desktop-processor,https://www.flipkart.com/intel-i5-3570-3-8-ghz-lga-1155-socket-4-cores-desktop-processor/product-reviews/itm97440420a734d?page=8,Intel I5,"3,000",Worth the money,Working great!!!,4,"Jun, 2022", Thanjavur,0,0
itm97440420a734d,intel-i5-3570-3-8-ghz-lga-1155-socket-4-cores-desktop-processor,https://www.flipkart.com/intel-i5-3570-3-8-ghz-lga-1155-socket-4-cores-desktop-processor/product-reviews/itm97440420a734d?page=8,Intel I5,"3,000",Don't waste your money,It my humble request it is not working product with high price. I have been fallen into the trap., ,"Jun, 2022", Bhavnagar,0,0
itm97440420a734d,intel-i5-3570-3-8-ghz-lga-1155-socket-4-cores-desktop-processor,https://www.flipkart.com/intel-i5-3570-3-8-ghz-lga-1155-socket-4-cores-desktop-processor/product-reviews/itm97440420a734d?page=8,Intel I5,"3,000",Best in the market!,Very good processor for gaming,5,"Jun, 2022", Jhajjar,0,0
itm97440420a734d,intel-i5-3570-3-8-ghz-lga-1155-socket-4-cores-desktop-processor,https://www.flipkart.com/intel-i5-3570-3-8-ghz-lga-1155-socket-4-cores-desktop-processor/product-reviews/itm97440420a734d?page=8,Intel I5,"3,000",Terrific purchase,i5 is a best processor. This is under no return policy but don't worry this product is good and working good,5,"Apr, 2022", Gorakhpur,0,0
itm97440420a734d,intel-i5-3570-3-8-ghz-lga-1155-socket-4-cores-desktop-processor,https://www.flipkart.com/intel-i5-3570-3-8-ghz-lga-1155-socket-4-cores-desktop-processor/product-reviews/itm97440420a734d?page=8,Intel I5,"3,000",Good quality product,Good,4,"Apr, 2022", Koraput,0,0
itm97440420a734d,intel-i5-3570-3-8-ghz-lga-1155-socket-4-cores-desktop-processor,https://www.flipkart.com/intel-i5-3570-3-8-ghz-lga-1155-socket-4-cores-desktop-processor/product-reviews/itm97440420a734d?page=8,Intel I5,"3,000",Classy product,Brilliant product working excellent no problem at all iam happy with this processors,5,"Apr, 2022", Baba Bakala,0,0
itm97440420a734d,intel-i5-3570-3-8-ghz-lga-1155-socket-4-cores-desktop-processor,https://www.flipkart.com/intel-i5-3570-3-8-ghz-lga-1155-socket-4-cores-desktop-processor/product-reviews/itm97440420a734d?page=8,Intel I5,"3,000",Nice product,Working fine without any issue,4,"Mar, 2022", Visakhapatnam,0,0
itm97440420a734d,intel-i5-3570-3-8-ghz-lga-1155-socket-4-cores-desktop-processor,https://www.flipkart.com/intel-i5-3570-3-8-ghz-lga-1155-socket-4-cores-desktop-processor/product-reviews/itm97440420a734d?page=9,Intel I5,"3,000",Brilliant,Product is good and it would have marvellous if fan is included in this price but despite that product is good and specially seller is very good for packing the processor nicely. Installed on H61 motherboard and working fine. Must go for purchase.,5,"Mar, 2022", Ranchi,0,0
itm97440420a734d,intel-i5-3570-3-8-ghz-lga-1155-socket-4-cores-desktop-processor,https://www.flipkart.com/intel-i5-3570-3-8-ghz-lga-1155-socket-4-cores-desktop-processor/product-reviews/itm97440420a734d?page=9,Intel I5,"3,000",Brilliant,Nice,5,"Mar, 2022", Jagatsinghpur,0,0
itm97440420a734d,intel-i5-3570-3-8-ghz-lga-1155-socket-4-cores-desktop-processor,https://www.flipkart.com/intel-i5-3570-3-8-ghz-lga-1155-socket-4-cores-desktop-processor/product-reviews/itm97440420a734d?page=9,Intel I5,"3,000",Pretty good,Good product,4,"Jan, 2022", Purba Medinipur District,0,1
itm97440420a734d,intel-i5-3570-3-8-ghz-lga-1155-socket-4-cores-desktop-processor,https://www.flipkart.com/intel-i5-3570-3-8-ghz-lga-1155-socket-4-cores-desktop-processor/product-reviews/itm97440420a734d?page=9,Intel I5,"3,000",Unsatisfactory,Processor is not aplicable with my mother oard and no returns available, ,"Dec, 2021", Hanumangarh District,16,10
itm97440420a734d,intel-i5-3570-3-8-ghz-lga-1155-socket-4-cores-desktop-processor,https://www.flipkart.com/intel-i5-3570-3-8-ghz-lga-1155-socket-4-cores-desktop-processor/product-reviews/itm97440420a734d?page=9,Intel I5,"3,000",Classy product,This product is good but this is 6mb not 8mb processor.. Speed wise is great...,5,"Dec, 2021", Bharatpur,0,0
itm97440420a734d,intel-i5-3570-3-8-ghz-lga-1155-socket-4-cores-desktop-processor,https://www.flipkart.com/intel-i5-3570-3-8-ghz-lga-1155-socket-4-cores-desktop-processor/product-reviews/itm97440420a734d?page=9,Intel I5,"3,000",Simply awesome,GOOD PACKING,5,"Nov, 2021", Khordha,0,0
itm97440420a734d,intel-i5-3570-3-8-ghz-lga-1155-socket-4-cores-desktop-processor,https://www.flipkart.com/intel-i5-3570-3-8-ghz-lga-1155-socket-4-cores-desktop-processor/product-reviews/itm97440420a734d?page=9,Intel I5,"3,000",Awesome,Best buy in this range .Build it with h61 mb .,5,"Oct, 2021", Bongaigaon District,0,0
itm97440420a734d,intel-i5-3570-3-8-ghz-lga-1155-socket-4-cores-desktop-processor,https://www.flipkart.com/intel-i5-3570-3-8-ghz-lga-1155-socket-4-cores-desktop-processor/product-reviews/itm97440420a734d?page=9,Intel I5,"3,000",Terrific,i upgrade my pc pentium 4 to i5 3570 i get boost in performance i play gta 5 with 8gb ram at 30fps it is powerful proccessor i like it very much,5,"Oct, 2021", Bikaner,0,0
itm97440420a734d,intel-i5-3570-3-8-ghz-lga-1155-socket-4-cores-desktop-processor,https://www.flipkart.com/intel-i5-3570-3-8-ghz-lga-1155-socket-4-cores-desktop-processor/product-reviews/itm97440420a734d?page=9,Intel I5,"3,000",Just okay,avareg,3,"Sep, 2021", Maldah District,0,1
itm97440420a734d,intel-i5-3570-3-8-ghz-lga-1155-socket-4-cores-desktop-processor,https://www.flipkart.com/intel-i5-3570-3-8-ghz-lga-1155-socket-4-cores-desktop-processor/product-reviews/itm97440420a734d?page=9,Intel I5,"3,000",Wonderful,"Works perfectly. The item that I received was in perfect condition, as if it was brand new. But the packaging was not that great. The seller should have used bubble wrap around the processor. Overall, it's a great experience.",5,"Aug, 2021", Golaghat District,0,0
itm97440420a734d,intel-i5-3570-3-8-ghz-lga-1155-socket-4-cores-desktop-processor,https://www.flipkart.com/intel-i5-3570-3-8-ghz-lga-1155-socket-4-cores-desktop-processor/product-reviews/itm97440420a734d?page=10,Intel I5,"3,000",Highly recommended,Very nice üëçüëçüëç,5,"Aug, 2021", Ranchi,0,0
itm97440420a734d,intel-i5-3570-3-8-ghz-lga-1155-socket-4-cores-desktop-processor,https://www.flipkart.com/intel-i5-3570-3-8-ghz-lga-1155-socket-4-cores-desktop-processor/product-reviews/itm97440420a734d?page=10,Intel I5,"3,000",Worth the money,Working smooth very fast go for it.,4,"Aug, 2021", Vaishali,0,1
itm97440420a734d,intel-i5-3570-3-8-ghz-lga-1155-socket-4-cores-desktop-processor,https://www.flipkart.com/intel-i5-3570-3-8-ghz-lga-1155-socket-4-cores-desktop-processor/product-reviews/itm97440420a734d?page=10,Intel I5,"3,000",Wonderful,Product good and satisfied but tenparature high..okkk,4,"Aug, 2021", Arambag,0,1
itm97440420a734d,intel-i5-3570-3-8-ghz-lga-1155-socket-4-cores-desktop-processor,https://www.flipkart.com/intel-i5-3570-3-8-ghz-lga-1155-socket-4-cores-desktop-processor/product-reviews/itm97440420a734d?page=10,Intel I5,"3,000",Brilliant,Very good processor,5,"Jul, 2021", Barhani Bazar,0,0
itm97440420a734d,intel-i5-3570-3-8-ghz-lga-1155-socket-4-cores-desktop-processor,https://www.flipkart.com/intel-i5-3570-3-8-ghz-lga-1155-socket-4-cores-desktop-processor/product-reviews/itm97440420a734d?page=10,Intel I5,"3,000",Terrific purchase,This Processor fully ok work very smoothly no issue great product,5,"May, 2021", South Twenty Four Parganas District,0,1
itm97440420a734d,intel-i5-3570-3-8-ghz-lga-1155-socket-4-cores-desktop-processor,https://www.flipkart.com/intel-i5-3570-3-8-ghz-lga-1155-socket-4-cores-desktop-processor/product-reviews/itm97440420a734d?page=10,Intel I5,"3,000",Best in the market!,good,5,"Apr, 2021", Nadia District,0,0
itm97440420a734d,intel-i5-3570-3-8-ghz-lga-1155-socket-4-cores-desktop-processor,https://www.flipkart.com/intel-i5-3570-3-8-ghz-lga-1155-socket-4-cores-desktop-processor/product-reviews/itm97440420a734d?page=10,Intel I5,"3,000",Worth the money,"Even though it's used one, it works well thanks to seller.",4,"Apr, 2021", Chennai,0,0
itm97440420a734d,intel-i5-3570-3-8-ghz-lga-1155-socket-4-cores-desktop-processor,https://www.flipkart.com/intel-i5-3570-3-8-ghz-lga-1155-socket-4-cores-desktop-processor/product-reviews/itm97440420a734d?page=10,Intel I5,"3,000",Great product,product is refurbished but work very well,5,"Apr, 2021", Imphal West District,0,1
itm97440420a734d,intel-i5-3570-3-8-ghz-lga-1155-socket-4-cores-desktop-processor,https://www.flipkart.com/intel-i5-3570-3-8-ghz-lga-1155-socket-4-cores-desktop-processor/product-reviews/itm97440420a734d?page=10,Intel I5,"3,000",Terrific purchase,Still performing amazing,5,"Apr, 2021", Pune,0,0
itm97440420a734d,intel-i5-3570-3-8-ghz-lga-1155-socket-4-cores-desktop-processor,https://www.flipkart.com/intel-i5-3570-3-8-ghz-lga-1155-socket-4-cores-desktop-processor/product-reviews/itm97440420a734d?page=10,Intel I5,"3,000",Must buy!,Super fine processor i5 3570 for video editing.,5,"Feb, 2021", Gobardanga,0,0
itm97440420a734d,intel-i5-3570-3-8-ghz-lga-1155-socket-4-cores-desktop-processor,https://www.flipkart.com/intel-i5-3570-3-8-ghz-lga-1155-socket-4-cores-desktop-processor/product-reviews/itm97440420a734d?page=11,Intel I5,"3,000",Good choice,Genuine though used product. But it's a bang for the bucks. At this price range with this quality. Surely an awesome experience,4,"Feb, 2021", Sibsagar,0,0
itm97440420a734d,intel-i5-3570-3-8-ghz-lga-1155-socket-4-cores-desktop-processor,https://www.flipkart.com/intel-i5-3570-3-8-ghz-lga-1155-socket-4-cores-desktop-processor/product-reviews/itm97440420a734d?page=11,Intel I5,"3,000",Perfect product!,It's working good,5,"Feb, 2021", Buxar,0,1
itm97440420a734d,intel-i5-3570-3-8-ghz-lga-1155-socket-4-cores-desktop-processor,https://www.flipkart.com/intel-i5-3570-3-8-ghz-lga-1155-socket-4-cores-desktop-processor/product-reviews/itm97440420a734d?page=11,Intel I5,"3,000",Terrific,VERY FAST INTEL QUAD CORE PROCESSOR WITH 6MB L3 CACHE MEMORY.,5,"Feb, 2021", Serampore,0,1
itm97440420a734d,intel-i5-3570-3-8-ghz-lga-1155-socket-4-cores-desktop-processor,https://www.flipkart.com/intel-i5-3570-3-8-ghz-lga-1155-socket-4-cores-desktop-processor/product-reviews/itm97440420a734d?page=11,Intel I5,"3,000",Great product,Working good ... review is after one month of purchasing,5,"Dec, 2020", Kolkata,0,0
itm97440420a734d,intel-i5-3570-3-8-ghz-lga-1155-socket-4-cores-desktop-processor,https://www.flipkart.com/intel-i5-3570-3-8-ghz-lga-1155-socket-4-cores-desktop-processor/product-reviews/itm97440420a734d?page=11,Intel I5,"3,000",Must buy!,Excellent performance...,5,"Dec, 2020", Haludpukhur,0,0
itm97440420a734d,intel-i5-3570-3-8-ghz-lga-1155-socket-4-cores-desktop-processor,https://www.flipkart.com/intel-i5-3570-3-8-ghz-lga-1155-socket-4-cores-desktop-processor/product-reviews/itm97440420a734d?page=11,Intel I5,"3,000",Hated it!,Please avoid this seller...the condition of the processor was awful...there were no scratches but punctured hole and cuts as if an animal has clawed the processor...luckily i was able to make it work...there is no option for replacement too...purchase if u want to make a hole in your pocket, ,"Nov, 2020", Cuttack,21,11
itm97440420a734d,intel-i5-3570-3-8-ghz-lga-1155-socket-4-cores-desktop-processor,https://www.flipkart.com/intel-i5-3570-3-8-ghz-lga-1155-socket-4-cores-desktop-processor/product-reviews/itm97440420a734d?page=11,Intel I5,"3,000",Classy product,Totally worth it. Its a working processor. The packaging is simple but safely packed using spounge kind of thing,5,"Oct, 2020", Kizhuvalam Koonthalloor,0,0
